{
  "_meta": {
    "maxChars": {
      "welcome": 20
    }
  },
  "en": {
	"title": "<size=52>MIGHTY CHIN CHIN</size>\nand the\n<size=40>Properties of Matter</size>",
	"start": "START",
	"author": "Written by: David Dionisio",
    "welcome": "Welcome!",
	"blockWoodName": "Wood",
	"blockCorkwoodName": "Corkwood",
	"blockIronName": "Iron",
	"blockConcreteName": "Concrete",
	"blockBalloonName": "Balloon",
	"blockRubberName": "Rubber",
	"blockAluminumName": "Aluminum",
	"blockFuelName": "Fuel Tank",
	"blockOxidizerName": "Oxidizer Tank",
	"blockCombustionChamberName": "Combustion Chamber",
	
	"options": "OPTIONS",
	"close": "CLOSE",
	"sound": "SOUND",
	"music": "MUSIC",
	"restart": "RESTART",
	"restartDesc": "Press CONFIRM to reset the level.",
	"confirm": "CONFIRM",
	"cancel": "CANCEL",
	"goal": "Goal!",
	"dragItemDesc": "Drag the material into the world.",
	"move": "MOVE",
	"expand": "EXPAND",
	"playButtonDesc": "Press this when you're ready!",
	"restartButtonDesc": "Press this to start over.",
	"dragScreenDesc": "Drag anywhere on the screen to move the view.",
	
	"introTitle1": "ALL THINGS MATTER",
	"introDesc1": "Matter are things that have mass and volume. These are: solid, liquid, gas, plasma.\n\nPress on any text for voice.",
	"introDesc_solid": "Solid",
	"introDesc_liquid": "Liquid",
	"introDesc_gas": "Gas",
	"introDesc_liquid_gas": "Liquid/Gas",
	
	"introTitle2": "PHYSICAL PROPERTIES",
	"introTitle2_example": "EXAMPLES",
	"introDesc2": "Physical properties can be observed with your senses.\n\nYou can measure them with tools: weighing scale, beaker, thermometer.",
	"intro_ex_size": "Size",
	"intro_ex_volume": "Volume",
	"intro_ex_freezing": "Freezing Point",
	"intro_ex_melting": "Melting Point",
	"intro_ex_magnet": "Magnetic",
	
	"introTitle3": "CHEMICAL PROPERTIES",
	"introDesc3": "Chemical properties can only be observed once matter undergoes a change.\n\nThe resulting matter becomes completely different.",
	"intro_ex_flammability": "Flammability",
	"intro_ex_oxidation": "Oxidation",
	
	"stage_title_1": "Space and Size",
	"stage_title_2": "Heavy Duty",
	"stage_title_3": "Buoyancy",
	"stage_title_4": "Highly Flammable",
	"stage_title_5": "Conductive",
	"stage_title_6": "To Infinity and Beyond",
	
	"stage_desc_1": "Size is a property of matter that determines how big or small something is. One such measurement is area, obtained by multiplying width and height.",
	"stage_desc_2": "Weight determines how heavy or light an object is relative to gravity. You can compare and determine a solid matter's weight by using a balance scale.",
	"stage_desc_3": "Buoyancy is the ability of an object to float in fluid or gas. The upward force exerted by the fluid allows the object to float.",
	"stage_desc_4": "Flammability (or combustibility) is a chemical reaction that causes a matter to ignite in flames. An example of a flammable matter is wood.",
	"stage_desc_5": "Conductivity is a property of matter that determines the ease of flow for electricity, heat, or sound. Metal is a great conduction for electricity.",
	"stage_desc_6": "With enough fuel and oxygen funneled into a chamber, the shear amount of combustion can create enough force to lift a heavy object into outer space.",
	
	"victory": "VICTORY",
	
	"launch": "LAUNCH",
	"launchChecklist1": "Connect the Fuel Tank to a pump socket.",
	"launchChecklist2": "Connect the Oxidizer Tank to a pump socket.",
	"launchChecklist3": "Connect the Combustion Chamber to the pump tubes.",
	
	"launchSequence1": "Preparing for launch.",
	"launchSequence2": "Ignition sequence started.",
	"launchSequence3": "Launching in...",
	"launchSequence4": "5...",
	"launchSequence5": "4...",
	"launchSequence6": "3...",
	"launchSequence7": "2...",
	"launchSequence8": "1...",
	"launchSequence9": "0...",
	"launchSequence10": "All engines running...",
	"launchSequence11": "Lift-off!",
	"launchSequence12": "Godspeed!",
	
	"complete": "COMPLETE",
	"completeDesc": "Thank you for playing!",
	
	"hints": "HINTS",
	"hintReveal": "REVEAL HINT",
	"hintRevealDesc": "Revealing this hint will cause you some points!",
	"hintButtonDesc": "Press this for hints!",
	
	"victoryScoreResult": "Score:",
	"victoryCompleteResult": "Level Complete:",
	"victoryHintResult": "Hints Penalty:",
	"victoryNewScoreResult": "NEW SCORE:",
	
	"scoreTitle": "SCORE",
	"scoreFinalTitle": "FINAL SCORE",
	"on": "ON",
	"off": "OFF",
	
	"hint_stage_1_2_1": "Build a bridge to allow a passage across the treacherous spikes.\n\nBuild a stair to gain access to higher ground. Mighty Chin-Chin can jump over 3 stacks of blocks.",
	"hint_stage_2_1_1": "Make use of the balance scale as a make-shift stair.  Place heavy materials on one side, and lighter materials on the other.",
	"hint_stage_2_2_1": "Use light materials as a platform to cross the first windy field.\n\nBlock the second windy field with heavy materials to avoid certain doom.",
	"hint_stage_3_1_1": "Make use of materials that can float on water as a platform to cross.\n\nPlacing solid matter into liquid matter adds to its volume. Make use of this fact to allow a platform to float higher.",
	"hint_stage_3_2_1": "Same as before: make use of materials that can float on water as a platform to cross.\n\nUse materials that sink as a base support to reach higher ground.\n\nRubber has an elastic property that allows for powerful jumps.",
	"hint_stage_4_1_1": "Iron has a good heat capacity to minimize the fiery temperature.\n\nPlace some iron blocks on top of the burning surface.\n\nThen place wood platforms on top of the iron blocks to cross to victory.",
	"hint_stage_5_1_1": "Find the material capable of conducting electricity, and use that as a wire for the wind machine.\n\nMake use of the other materials to block the electricity, and as a platform to reach the goal.",
	
	"test": "Test"
  }
}
